Therapeutic,Heavy Sequence,Light Sequence,H_FASTA_Line,L_FASTA_Line,Multimer_FASTA_Line
Acrixolimab,QVQLVESGGGVVQPGRSLRLSCAASGFTFLRYAMHWVRQAPGKGLEWVAVISYDGRYKYYADSVKGRFTISRDNSKNTLYLQMNSLRAEDTAVYYCTTTTFDSWGQGTLVTVSS,DIVMTQTPLSLPVTPGEAASISCRSSQSLLDSEDGNTYLDWYLQKPGQSPQLLIYTLSHRASGVPDRFSGSGSGTDFTLEISRVEAEDVGVYYCMQRRDFPFTFGQGTKVDIK,>Acrixolimab | Heavy Chain~QVQLVESGGGVVQPGRSLRLSCAASGFTFLRYAMHWVRQAPGKGLEWVAVISYDGRYKYYADSVKGRFTISRDNSKNTLYLQMNSLRAEDTAVYYCTTTTFDSWGQGTLVTVSS,>Acrixolimab | Light Chain~DIVMTQTPLSLPVTPGEAASISCRSSQSLLDSEDGNTYLDWYLQKPGQSPQLLIYTLSHRASGVPDRFSGSGSGTDFTLEISRVEAEDVGVYYCMQRRDFPFTFGQGTKVDIK,> Acrixolimab | H and L chains~QVQLVESGGGVVQPGRSLRLSCAASGFTFLRYAMHWVRQAPGKGLEWVAVISYDGRYKYYADSVKGRFTISRDNSKNTLYLQMNSLRAEDTAVYYCTTTTFDSWGQGTLVTVSS:DIVMTQTPLSLPVTPGEAASISCRSSQSLLDSEDGNTYLDWYLQKPGQSPQLLIYTLSHRASGVPDRFSGSGSGTDFTLEISRVEAEDVGVYYCMQRRDFPFTFGQGTKVDIK
Balstilimab,QVQLVESGGGVVQPGRSLRLSCAASGFTFSSYGMHWVRQAPGKGLEWVAVIWYDGSNKYYADSVKGRFTISRDNSKNTLYLQMNSLRAEDTAVYYCASNGDHWGQGTLVTVSS,EIVMTQSPATLSVSPGERATLSCRASQSVSSNLAWYQQKPGQAPRLLIYGASTRATGIPARFSGSGSGTEFTLTISSLQSEDFAVYYCQQYNNWPRTFGQGTKVEIK,>Balstilimab | Heavy Chain~QVQLVESGGGVVQPGRSLRLSCAASGFTFSSYGMHWVRQAPGKGLEWVAVIWYDGSNKYYADSVKGRFTISRDNSKNTLYLQMNSLRAEDTAVYYCASNGDHWGQGTLVTVSS,>Balstilimab | Light Chain~EIVMTQSPATLSVSPGERATLSCRASQSVSSNLAWYQQKPGQAPRLLIYGASTRATGIPARFSGSGSGTEFTLTISSLQSEDFAVYYCQQYNNWPRTFGQGTKVEIK,> Balstilimab | H and L chains~QVQLVESGGGVVQPGRSLRLSCAASGFTFSSYGMHWVRQAPGKGLEWVAVIWYDGSNKYYADSVKGRFTISRDNSKNTLYLQMNSLRAEDTAVYYCASNGDHWGQGTLVTVSS:EIVMTQSPATLSVSPGERATLSCRASQSVSSNLAWYQQKPGQAPRLLIYGASTRATGIPARFSGSGSGTEFTLTISSLQSEDFAVYYCQQYNNWPRTFGQGTKVEIK
Budigalimab,EIQLVQSGAEVKKPGSSVKVSCKASGYTFTHYGMNWVRQAPGQGLEWVGWVNTYTGEPTYADDFKGRLTFTLDTSTSTAYMELSSLRSEDTAVYYCTREGEGLGFGDWGQGTTVTVSS,DVVMTQSPLSLPVTPGEPASISCRSSQSIVHSHGDTYLEWYLQKPGQSPQLLIYKVSNRFSGVPDRFSGSGSGTDFTLKISRVEAEDVGVYYCFQGSHIPVTFGQGTKLEIK,>Budigalimab | Heavy Chain~EIQLVQSGAEVKKPGSSVKVSCKASGYTFTHYGMNWVRQAPGQGLEWVGWVNTYTGEPTYADDFKGRLTFTLDTSTSTAYMELSSLRSEDTAVYYCTREGEGLGFGDWGQGTTVTVSS,>Budigalimab | Light Chain~DVVMTQSPLSLPVTPGEPASISCRSSQSIVHSHGDTYLEWYLQKPGQSPQLLIYKVSNRFSGVPDRFSGSGSGTDFTLKISRVEAEDVGVYYCFQGSHIPVTFGQGTKLEIK,> Budigalimab | H and L chains~EIQLVQSGAEVKKPGSSVKVSCKASGYTFTHYGMNWVRQAPGQGLEWVGWVNTYTGEPTYADDFKGRLTFTLDTSTSTAYMELSSLRSEDTAVYYCTREGEGLGFGDWGQGTTVTVSS:DVVMTQSPLSLPVTPGEPASISCRSSQSIVHSHGDTYLEWYLQKPGQSPQLLIYKVSNRFSGVPDRFSGSGSGTDFTLKISRVEAEDVGVYYCFQGSHIPVTFGQGTKLEIK
Camrelizumab,EVQLVESGGGLVQPGGSLRLSCAASGFTFSSYMMSWVRQAPGKGLEWVATISGGGANTYYPDSVKGRFTISRDNAKNSLYLQMNSLRAEDTAVYYCARQLYYFDYWGQGTTVTVSS,DIQMTQSPSSLSASVGDRVTITCLASQTIGTWLTWYQQKPGKAPKLLIYTATSLADGVPSRFSGSGSGTDFTLTISSLQPEDFATYYCQQVYSIPWTFGGGTKVEIK,>Camrelizumab | Heavy Chain~EVQLVESGGGLVQPGGSLRLSCAASGFTFSSYMMSWVRQAPGKGLEWVATISGGGANTYYPDSVKGRFTISRDNAKNSLYLQMNSLRAEDTAVYYCARQLYYFDYWGQGTTVTVSS,>Camrelizumab | Light Chain~DIQMTQSPSSLSASVGDRVTITCLASQTIGTWLTWYQQKPGKAPKLLIYTATSLADGVPSRFSGSGSGTDFTLTISSLQPEDFATYYCQQVYSIPWTFGGGTKVEIK,> Camrelizumab | H and L chains~EVQLVESGGGLVQPGGSLRLSCAASGFTFSSYMMSWVRQAPGKGLEWVATISGGGANTYYPDSVKGRFTISRDNAKNSLYLQMNSLRAEDTAVYYCARQLYYFDYWGQGTTVTVSS:DIQMTQSPSSLSASVGDRVTITCLASQTIGTWLTWYQQKPGKAPKLLIYTATSLADGVPSRFSGSGSGTDFTLTISSLQPEDFATYYCQQVYSIPWTFGGGTKVEIK
Cemiplimab,EVQLLESGGVLVQPGGSLRLSCAASGFTFSNFGMTWVRQAPGKGLEWVSGISGGGRDTYFADSVKGRFTISRDNSKNTLYLQMNSLKGEDTAVYYCVKWGNIYFDYWGQGTLVTVSS,DIQMTQSPSSLSASVGDSITITCRASLSINTFLNWYQQKPGKAPNLLIYAASSLHGGVPSRFSGSGSGTDFTLTIRTLQPEDFATYYCQQSSNTPFTFGPGTVVDFR,>Cemiplimab | Heavy Chain~EVQLLESGGVLVQPGGSLRLSCAASGFTFSNFGMTWVRQAPGKGLEWVSGISGGGRDTYFADSVKGRFTISRDNSKNTLYLQMNSLKGEDTAVYYCVKWGNIYFDYWGQGTLVTVSS,>Cemiplimab | Light Chain~DIQMTQSPSSLSASVGDSITITCRASLSINTFLNWYQQKPGKAPNLLIYAASSLHGGVPSRFSGSGSGTDFTLTIRTLQPEDFATYYCQQSSNTPFTFGPGTVVDFR,> Cemiplimab | H and L chains~EVQLLESGGVLVQPGGSLRLSCAASGFTFSNFGMTWVRQAPGKGLEWVSGISGGGRDTYFADSVKGRFTISRDNSKNTLYLQMNSLKGEDTAVYYCVKWGNIYFDYWGQGTLVTVSS:DIQMTQSPSSLSASVGDSITITCRASLSINTFLNWYQQKPGKAPNLLIYAASSLHGGVPSRFSGSGSGTDFTLTIRTLQPEDFATYYCQQSSNTPFTFGPGTVVDFR
Cetrelimab,QVQLVQSGAEVKKPGSSVKVSCKASGGTFSSYAISWVRQAPGQGLEWMGGIIPIFDTANYAQKFQGRVTITADESTSTAYMELSSLRSEDTAVYYCARPGLAAAYDTGSLDYWGQGTLVTVSS,EIVLTQSPATLSLSPGERATLSCRASQSVRSYLAWYQQKPGQAPRLLIYDASNRATGIPARFSGSGSGTDFTLTISSLEPEDFAVYYCQQRNYWPLTFGQGTKVEIK,>Cetrelimab | Heavy Chain~QVQLVQSGAEVKKPGSSVKVSCKASGGTFSSYAISWVRQAPGQGLEWMGGIIPIFDTANYAQKFQGRVTITADESTSTAYMELSSLRSEDTAVYYCARPGLAAAYDTGSLDYWGQGTLVTVSS,>Cetrelimab | Light Chain~EIVLTQSPATLSLSPGERATLSCRASQSVRSYLAWYQQKPGQAPRLLIYDASNRATGIPARFSGSGSGTDFTLTISSLEPEDFAVYYCQQRNYWPLTFGQGTKVEIK,> Cetrelimab | H and L chains~QVQLVQSGAEVKKPGSSVKVSCKASGGTFSSYAISWVRQAPGQGLEWMGGIIPIFDTANYAQKFQGRVTITADESTSTAYMELSSLRSEDTAVYYCARPGLAAAYDTGSLDYWGQGTLVTVSS:EIVLTQSPATLSLSPGERATLSCRASQSVRSYLAWYQQKPGQAPRLLIYDASNRATGIPARFSGSGSGTDFTLTISSLEPEDFAVYYCQQRNYWPLTFGQGTKVEIK
Dostarlimab,EVQLLESGGGLVQPGGSLRLSCAASGFTFSSYDMSWVRQAPGKGLEWVSTISGGGSYTYYQDSVKGRFTISRDNSKNTLYLQMNSLRAEDTAVYYCASPYYAMDYWGQGTTVTVSS,DIQLTQSPSFLSAYVGDRVTITCKASQDVGTAVAWYQQKPGKAPKLLIYWASTLHTGVPSRFSGSGSGTEFTLTISSLQPEDFATYYCQHYSSYPWTFGQGTKLEIK,>Dostarlimab | Heavy Chain~EVQLLESGGGLVQPGGSLRLSCAASGFTFSSYDMSWVRQAPGKGLEWVSTISGGGSYTYYQDSVKGRFTISRDNSKNTLYLQMNSLRAEDTAVYYCASPYYAMDYWGQGTTVTVSS,>Dostarlimab | Light Chain~DIQLTQSPSFLSAYVGDRVTITCKASQDVGTAVAWYQQKPGKAPKLLIYWASTLHTGVPSRFSGSGSGTEFTLTISSLQPEDFATYYCQHYSSYPWTFGQGTKLEIK,> Dostarlimab | H and L chains~EVQLLESGGGLVQPGGSLRLSCAASGFTFSSYDMSWVRQAPGKGLEWVSTISGGGSYTYYQDSVKGRFTISRDNSKNTLYLQMNSLRAEDTAVYYCASPYYAMDYWGQGTTVTVSS:DIQLTQSPSFLSAYVGDRVTITCKASQDVGTAVAWYQQKPGKAPKLLIYWASTLHTGVPSRFSGSGSGTEFTLTISSLQPEDFATYYCQHYSSYPWTFGQGTKLEIK
Enlonstobart,QVQLVESGGGVVQPGRSLRLTCKASGLTFSSSGMHWVRQAPGKGLEWVAVIWYDGSKRYYADSVKGRFTISRDNSKNTLFLQMNSLRAEDTAVYYCATNNDYWGQGTLVTVSS,EIVLTQSPATLSLSPGERATLSCRASQSVSSYLAWYQQKPGQAPRLLIYTASNRATGIPARFSGSGSGTDFTLTISSLEPEDFAVYYCQQYSNWPRTFGQGTKVEIK,>Enlonstobart | Heavy Chain~QVQLVESGGGVVQPGRSLRLTCKASGLTFSSSGMHWVRQAPGKGLEWVAVIWYDGSKRYYADSVKGRFTISRDNSKNTLFLQMNSLRAEDTAVYYCATNNDYWGQGTLVTVSS,>Enlonstobart | Light Chain~EIVLTQSPATLSLSPGERATLSCRASQSVSSYLAWYQQKPGQAPRLLIYTASNRATGIPARFSGSGSGTDFTLTISSLEPEDFAVYYCQQYSNWPRTFGQGTKVEIK,> Enlonstobart | H and L chains~QVQLVESGGGVVQPGRSLRLTCKASGLTFSSSGMHWVRQAPGKGLEWVAVIWYDGSKRYYADSVKGRFTISRDNSKNTLFLQMNSLRAEDTAVYYCATNNDYWGQGTLVTVSS:EIVLTQSPATLSLSPGERATLSCRASQSVSSYLAWYQQKPGQAPRLLIYTASNRATGIPARFSGSGSGTDFTLTISSLEPEDFAVYYCQQYSNWPRTFGQGTKVEIK
Eurestobart,QVQLVQSGAEVKKPGASVKVSCKASGYNLKDTFLHWVRQAPGQGLEWMGRIDPAQGNIKYDPKFQGRVTITADTSANTAYMELISLRSEDTAVYYCANSPYYYGSGYRIFDVWGQGTTVTVSS,QIVLTQSPATLSLSPGERATLSCSAFSSVNYMHWYQQKPGQAPRLLIYTTSNLASGIPTRFSGSGSGTSYTLTISSLEPEDFAVYYCQQRSTYPFTFGQGTKLEIK,>Eurestobart | Heavy Chain~QVQLVQSGAEVKKPGASVKVSCKASGYNLKDTFLHWVRQAPGQGLEWMGRIDPAQGNIKYDPKFQGRVTITADTSANTAYMELISLRSEDTAVYYCANSPYYYGSGYRIFDVWGQGTTVTVSS,>Eurestobart | Light Chain~QIVLTQSPATLSLSPGERATLSCSAFSSVNYMHWYQQKPGQAPRLLIYTTSNLASGIPTRFSGSGSGTSYTLTISSLEPEDFAVYYCQQRSTYPFTFGQGTKLEIK,> Eurestobart | H and L chains~QVQLVQSGAEVKKPGASVKVSCKASGYNLKDTFLHWVRQAPGQGLEWMGRIDPAQGNIKYDPKFQGRVTITADTSANTAYMELISLRSEDTAVYYCANSPYYYGSGYRIFDVWGQGTTVTVSS:QIVLTQSPATLSLSPGERATLSCSAFSSVNYMHWYQQKPGQAPRLLIYTTSNLASGIPTRFSGSGSGTSYTLTISSLEPEDFAVYYCQQRSTYPFTFGQGTKLEIK
Ezabenlimab,EVMLVESGGGLVQPGGSLRLSCTASGFTFSKSAMSWVRQAPGKGLEWVAYISGGGGDTYYSSSVKGRFTISRDNAKNSLYLQMNSLRAEDTAVYYCARHSNVNYYAMDYWGQGTLVTVSS,EIVLTQSPATLSLSPGERATMSCRASENIDVSGISFMNWYQQKPGQAPKLLIYVASNQGSGIPARFSGSGSGTDFTLTISRLEPEDFAVYYCQQSKEVPWTFGQGTKLEIK,>Ezabenlimab | Heavy Chain~EVMLVESGGGLVQPGGSLRLSCTASGFTFSKSAMSWVRQAPGKGLEWVAYISGGGGDTYYSSSVKGRFTISRDNAKNSLYLQMNSLRAEDTAVYYCARHSNVNYYAMDYWGQGTLVTVSS,>Ezabenlimab | Light Chain~EIVLTQSPATLSLSPGERATMSCRASENIDVSGISFMNWYQQKPGQAPKLLIYVASNQGSGIPARFSGSGSGTDFTLTISRLEPEDFAVYYCQQSKEVPWTFGQGTKLEIK,> Ezabenlimab | H and L chains~EVMLVESGGGLVQPGGSLRLSCTASGFTFSKSAMSWVRQAPGKGLEWVAYISGGGGDTYYSSSVKGRFTISRDNAKNSLYLQMNSLRAEDTAVYYCARHSNVNYYAMDYWGQGTLVTVSS:EIVLTQSPATLSLSPGERATMSCRASENIDVSGISFMNWYQQKPGQAPKLLIYVASNQGSGIPARFSGSGSGTDFTLTISRLEPEDFAVYYCQQSKEVPWTFGQGTKLEIK
Finotonlimab,EVQLVESGGGLVKPGGSLRLSCAASGFTFSSYGMSWVRQAPGKRLEWVATISGGGRDTYYSDSVKGRFTISRDNAKNNLYLQMNSLRAEDTAVYYCSRQYGTVWFFNWGQGTLVTVSS,EIVLTQSPATLSLSPGERATLSCRASESVDSYGNSFMHWYQQKPGQPPRLLIYAASNQGSGVPARFSGSGSGTDFTLTISSLEPEDFAMYFCQQSKEVPWTFGQGTKVEIK,>Finotonlimab | Heavy Chain~EVQLVESGGGLVKPGGSLRLSCAASGFTFSSYGMSWVRQAPGKRLEWVATISGGGRDTYYSDSVKGRFTISRDNAKNNLYLQMNSLRAEDTAVYYCSRQYGTVWFFNWGQGTLVTVSS,>Finotonlimab | Light Chain~EIVLTQSPATLSLSPGERATLSCRASESVDSYGNSFMHWYQQKPGQPPRLLIYAASNQGSGVPARFSGSGSGTDFTLTISSLEPEDFAMYFCQQSKEVPWTFGQGTKVEIK,> Finotonlimab | H and L chains~EVQLVESGGGLVKPGGSLRLSCAASGFTFSSYGMSWVRQAPGKRLEWVATISGGGRDTYYSDSVKGRFTISRDNAKNNLYLQMNSLRAEDTAVYYCSRQYGTVWFFNWGQGTLVTVSS:EIVLTQSPATLSLSPGERATLSCRASESVDSYGNSFMHWYQQKPGQPPRLLIYAASNQGSGVPARFSGSGSGTDFTLTISSLEPEDFAMYFCQQSKEVPWTFGQGTKVEIK
Geptanolimab,QIQLVQSGSELKKPGASVKVSCKASGYTFTNFGMNWVRQAPGQGLKWMGWISGYTREPTYAADFKGRFVISLDTSVSTAYLQISSLKAEDTAVYYCARDVFDYWGQGTLVTVSS,DIVLTQSPASLAVSPGQRATITCRASESVDNYGYSFMNWFQQKPGQPPKLLIYRASNLESGVPARFSGSGSRTDFTLTINPVEADDTANYYCQQSNADPTFGQGTKLEIK,>Geptanolimab | Heavy Chain~QIQLVQSGSELKKPGASVKVSCKASGYTFTNFGMNWVRQAPGQGLKWMGWISGYTREPTYAADFKGRFVISLDTSVSTAYLQISSLKAEDTAVYYCARDVFDYWGQGTLVTVSS,>Geptanolimab | Light Chain~DIVLTQSPASLAVSPGQRATITCRASESVDNYGYSFMNWFQQKPGQPPKLLIYRASNLESGVPARFSGSGSRTDFTLTINPVEADDTANYYCQQSNADPTFGQGTKLEIK,> Geptanolimab | H and L chains~QIQLVQSGSELKKPGASVKVSCKASGYTFTNFGMNWVRQAPGQGLKWMGWISGYTREPTYAADFKGRFVISLDTSVSTAYLQISSLKAEDTAVYYCARDVFDYWGQGTLVTVSS:DIVLTQSPASLAVSPGQRATITCRASESVDNYGYSFMNWFQQKPGQPPKLLIYRASNLESGVPARFSGSGSRTDFTLTINPVEADDTANYYCQQSNADPTFGQGTKLEIK
Iparomlimab,QVQLVQSGAEVKKPGASVKVSCKASGYTFTNYWIHWVRQAPGQGLEWMGEIDPYDSYTNYNQKFKGRVTMTVDKSTSTVYMELSSLRSEDTAVYYCARPGFTYGGMDFWGQGTLVTVSS,DIQMTQSPSSLSASVGDRVTITCKSSQSLFNSGNQKNYLAWYQQKPGKVPKLLIYGASTRDSGVPYRFSGSGSGTDFTLTISSLQPEDVATYYCQNDHYYPYTFGGGTKVEIK,>Iparomlimab | Heavy Chain~QVQLVQSGAEVKKPGASVKVSCKASGYTFTNYWIHWVRQAPGQGLEWMGEIDPYDSYTNYNQKFKGRVTMTVDKSTSTVYMELSSLRSEDTAVYYCARPGFTYGGMDFWGQGTLVTVSS,>Iparomlimab | Light Chain~DIQMTQSPSSLSASVGDRVTITCKSSQSLFNSGNQKNYLAWYQQKPGKVPKLLIYGASTRDSGVPYRFSGSGSGTDFTLTISSLQPEDVATYYCQNDHYYPYTFGGGTKVEIK,> Iparomlimab | H and L chains~QVQLVQSGAEVKKPGASVKVSCKASGYTFTNYWIHWVRQAPGQGLEWMGEIDPYDSYTNYNQKFKGRVTMTVDKSTSTVYMELSSLRSEDTAVYYCARPGFTYGGMDFWGQGTLVTVSS:DIQMTQSPSSLSASVGDRVTITCKSSQSLFNSGNQKNYLAWYQQKPGKVPKLLIYGASTRDSGVPYRFSGSGSGTDFTLTISSLQPEDVATYYCQNDHYYPYTFGGGTKVEIK
Lipustobart,QVQLVQSGAEVKKPGASVKVSCKASGYTFTSYYMYWVRQAPGQGLEWMGGVNPSNGGTNFNEKFKSRVTITADKSTSTAYMELSSLRSEDTAVYYCARRDYRYDMGFDYWGQGTTVTVSS,EIVLTQSPATLSLSPGERATISCRASKGVSTSGYSYLHWYQQKPGQAPRLLIYLASYLESGVPARFSGSGSGTDFTLTISSLEPEDFATYYCQHSRELPLTFGTGTKVEIK,>Lipustobart | Heavy Chain~QVQLVQSGAEVKKPGASVKVSCKASGYTFTSYYMYWVRQAPGQGLEWMGGVNPSNGGTNFNEKFKSRVTITADKSTSTAYMELSSLRSEDTAVYYCARRDYRYDMGFDYWGQGTTVTVSS,>Lipustobart | Light Chain~EIVLTQSPATLSLSPGERATISCRASKGVSTSGYSYLHWYQQKPGQAPRLLIYLASYLESGVPARFSGSGSGTDFTLTISSLEPEDFATYYCQHSRELPLTFGTGTKVEIK,> Lipustobart | H and L chains~QVQLVQSGAEVKKPGASVKVSCKASGYTFTSYYMYWVRQAPGQGLEWMGGVNPSNGGTNFNEKFKSRVTITADKSTSTAYMELSSLRSEDTAVYYCARRDYRYDMGFDYWGQGTTVTVSS:EIVLTQSPATLSLSPGERATISCRASKGVSTSGYSYLHWYQQKPGQAPRLLIYLASYLESGVPARFSGSGSGTDFTLTISSLEPEDFATYYCQHSRELPLTFGTGTKVEIK
Nivolumab,QVQLVESGGGVVQPGRSLRLDCKASGITFSNSGMHWVRQAPGKGLEWVAVIWYDGSKRYYADSVKGRFTISRDNSKNTLFLQMNSLRAEDTAVYYCATNDDYWGQGTLVTVSS,EIVLTQSPATLSLSPGERATLSCRASQSVSSYLAWYQQKPGQAPRLLIYDASNRATGIPARFSGSGSGTDFTLTISSLEPEDFAVYYCQQSSNWPRTFGQGTKVEIK,>Nivolumab | Heavy Chain~QVQLVESGGGVVQPGRSLRLDCKASGITFSNSGMHWVRQAPGKGLEWVAVIWYDGSKRYYADSVKGRFTISRDNSKNTLFLQMNSLRAEDTAVYYCATNDDYWGQGTLVTVSS,>Nivolumab | Light Chain~EIVLTQSPATLSLSPGERATLSCRASQSVSSYLAWYQQKPGQAPRLLIYDASNRATGIPARFSGSGSGTDFTLTISSLEPEDFAVYYCQQSSNWPRTFGQGTKVEIK,> Nivolumab | H and L chains~QVQLVESGGGVVQPGRSLRLDCKASGITFSNSGMHWVRQAPGKGLEWVAVIWYDGSKRYYADSVKGRFTISRDNSKNTLFLQMNSLRAEDTAVYYCATNDDYWGQGTLVTVSS:EIVLTQSPATLSLSPGERATLSCRASQSVSSYLAWYQQKPGQAPRLLIYDASNRATGIPARFSGSGSGTDFTLTISSLEPEDFAVYYCQQSSNWPRTFGQGTKVEIK
Nofazinlimab,QVQLVQSGAEVKKPGSSVKVSCKASGFTFTTYYISWVRQAPGQGLEYLGYINMGSGGTNYNEKFKGRVTITADKSTSTAYMELSSLRSEDTAVYYCAIIGYFDYWGQGTMVTVSS,DVVMTQSPLSLPVTLGQPASISCRSSQSLLDSDGGTYLYWFQQRPGQSPRRLIYLVSTLGSGVPDRFSGSGSGTDFTLKISRVEAEDVGVYYCMQLTHWPYTFGQGTKLEIK,>Nofazinlimab | Heavy Chain~QVQLVQSGAEVKKPGSSVKVSCKASGFTFTTYYISWVRQAPGQGLEYLGYINMGSGGTNYNEKFKGRVTITADKSTSTAYMELSSLRSEDTAVYYCAIIGYFDYWGQGTMVTVSS,>Nofazinlimab | Light Chain~DVVMTQSPLSLPVTLGQPASISCRSSQSLLDSDGGTYLYWFQQRPGQSPRRLIYLVSTLGSGVPDRFSGSGSGTDFTLKISRVEAEDVGVYYCMQLTHWPYTFGQGTKLEIK,> Nofazinlimab | H and L chains~QVQLVQSGAEVKKPGSSVKVSCKASGFTFTTYYISWVRQAPGQGLEYLGYINMGSGGTNYNEKFKGRVTITADKSTSTAYMELSSLRSEDTAVYYCAIIGYFDYWGQGTMVTVSS:DVVMTQSPLSLPVTLGQPASISCRSSQSLLDSDGGTYLYWFQQRPGQSPRRLIYLVSTLGSGVPDRFSGSGSGTDFTLKISRVEAEDVGVYYCMQLTHWPYTFGQGTKLEIK
Pembrolizumab,QVQLVQSGVEVKKPGASVKVSCKASGYTFTNYYMYWVRQAPGQGLEWMGGINPSNGGTNFNEKFKNRVTLTTDSSTTTAYMELKSLQFDDTAVYYCARRDYRFDMGFDYWGQGTTVTVSS,EIVLTQSPATLSLSPGERATLSCRASKGVSTSGYSYLHWYQQKPGQAPRLLIYLASYLESGVPARFSGSGSGTDFTLTISSLEPEDFAVYYCQHSRDLPLTFGGGTKVEIK,>Pembrolizumab | Heavy Chain~QVQLVQSGVEVKKPGASVKVSCKASGYTFTNYYMYWVRQAPGQGLEWMGGINPSNGGTNFNEKFKNRVTLTTDSSTTTAYMELKSLQFDDTAVYYCARRDYRFDMGFDYWGQGTTVTVSS,>Pembrolizumab | Light Chain~EIVLTQSPATLSLSPGERATLSCRASKGVSTSGYSYLHWYQQKPGQAPRLLIYLASYLESGVPARFSGSGSGTDFTLTISSLEPEDFAVYYCQHSRDLPLTFGGGTKVEIK,> Pembrolizumab | H and L chains~QVQLVQSGVEVKKPGASVKVSCKASGYTFTNYYMYWVRQAPGQGLEWMGGINPSNGGTNFNEKFKNRVTLTTDSSTTTAYMELKSLQFDDTAVYYCARRDYRFDMGFDYWGQGTTVTVSS:EIVLTQSPATLSLSPGERATLSCRASKGVSTSGYSYLHWYQQKPGQAPRLLIYLASYLESGVPARFSGSGSGTDFTLTISSLEPEDFAVYYCQHSRDLPLTFGGGTKVEIK
Penpulimab,EVQLVESGGGLVQPGGSLRLSCAASGFAFSSYDMSWVRQAPGKGLDWVATISGGGRYTYYPDSVKGRFTISRDNSKNNLYLQMNSLRAEDTALYYCANRYGEAWFAYWGQGTLVTVSS,DIQMTQSPSSMSASVGDRVTFTCRASQDINTYLSWFQQKPGKSPKTLIYRANRLVSGVPSRFSGSGSGQDYTLTISSLQPEDMATYYCLQYDEFPLTFGAGTKLELK,>Penpulimab | Heavy Chain~EVQLVESGGGLVQPGGSLRLSCAASGFAFSSYDMSWVRQAPGKGLDWVATISGGGRYTYYPDSVKGRFTISRDNSKNNLYLQMNSLRAEDTALYYCANRYGEAWFAYWGQGTLVTVSS,>Penpulimab | Light Chain~DIQMTQSPSSMSASVGDRVTFTCRASQDINTYLSWFQQKPGKSPKTLIYRANRLVSGVPSRFSGSGSGQDYTLTISSLQPEDMATYYCLQYDEFPLTFGAGTKLELK,> Penpulimab | H and L chains~EVQLVESGGGLVQPGGSLRLSCAASGFAFSSYDMSWVRQAPGKGLDWVATISGGGRYTYYPDSVKGRFTISRDNSKNNLYLQMNSLRAEDTALYYCANRYGEAWFAYWGQGTLVTVSS:DIQMTQSPSSMSASVGDRVTFTCRASQDINTYLSWFQQKPGKSPKTLIYRANRLVSGVPSRFSGSGSGQDYTLTISSLQPEDMATYYCLQYDEFPLTFGAGTKLELK
Perenostobart,QVQLVQSGAEVKKPGSSVKVSCKASGGTFSSEGISWVRQAPGQGLEWMGSILPIFGTANYAQKFQGRVTITADESTSTAYMELSSLRSEDTAVYYCAREAGYYRYRYFDLWGRGTLVTVSS,EIVMTQSPATLSVSPGERATLSCRASQSVSSNLAWYQQKPGQAPRLLIYGASTRATGIPARFSGSGSGTEFTLTISSLQSEDFAVYYCQQHALWPLTFGGGTKVEIK,>Perenostobart | Heavy Chain~QVQLVQSGAEVKKPGSSVKVSCKASGGTFSSEGISWVRQAPGQGLEWMGSILPIFGTANYAQKFQGRVTITADESTSTAYMELSSLRSEDTAVYYCAREAGYYRYRYFDLWGRGTLVTVSS,>Perenostobart | Light Chain~EIVMTQSPATLSVSPGERATLSCRASQSVSSNLAWYQQKPGQAPRLLIYGASTRATGIPARFSGSGSGTEFTLTISSLQSEDFAVYYCQQHALWPLTFGGGTKVEIK,> Perenostobart | H and L chains~QVQLVQSGAEVKKPGSSVKVSCKASGGTFSSEGISWVRQAPGQGLEWMGSILPIFGTANYAQKFQGRVTITADESTSTAYMELSSLRSEDTAVYYCAREAGYYRYRYFDLWGRGTLVTVSS:EIVMTQSPATLSVSPGERATLSCRASQSVSSNLAWYQQKPGQAPRLLIYGASTRATGIPARFSGSGSGTEFTLTISSLQSEDFAVYYCQQHALWPLTFGGGTKVEIK
Peresolimab,QVQLVQSGAEVKKPGASVKVSCKVSGYSLSKYDMSWVRQAPGKGLEWMGIIYTSGYTDYAQKFQGRVTMTEDTSTDTAYMELSSLRSEDTAVYYCATGNPYYTNGFNSWGQGTLVTVSS,DIQMTQSPSSLSASVGDRVTITCQASQSPNNLLAWYQQKPGKAPKLLIYGASDLPSGVPSRFSGSGSGTDFTLTISSLQPEDFATYYCQNNYYVGPVSYAFGGGTKVEIK,>Peresolimab | Heavy Chain~QVQLVQSGAEVKKPGASVKVSCKVSGYSLSKYDMSWVRQAPGKGLEWMGIIYTSGYTDYAQKFQGRVTMTEDTSTDTAYMELSSLRSEDTAVYYCATGNPYYTNGFNSWGQGTLVTVSS,>Peresolimab | Light Chain~DIQMTQSPSSLSASVGDRVTITCQASQSPNNLLAWYQQKPGKAPKLLIYGASDLPSGVPSRFSGSGSGTDFTLTISSLQPEDFATYYCQNNYYVGPVSYAFGGGTKVEIK,> Peresolimab | H and L chains~QVQLVQSGAEVKKPGASVKVSCKVSGYSLSKYDMSWVRQAPGKGLEWMGIIYTSGYTDYAQKFQGRVTMTEDTSTDTAYMELSSLRSEDTAVYYCATGNPYYTNGFNSWGQGTLVTVSS:DIQMTQSPSSLSASVGDRVTITCQASQSPNNLLAWYQQKPGKAPKLLIYGASDLPSGVPSRFSGSGSGTDFTLTISSLQPEDFATYYCQNNYYVGPVSYAFGGGTKVEIK
Pidilizumab,QVQLVQSGSELKKPGASVKISCKASGYTFTNYGMNWVRQAPGQGLQWMGWINTDSGESTYAEEFKGRFVFSLDTSVNTAYLQITSLTAEDTGMYFCVRVGYDALDYWGQGTLVTVSS,EIVLTQSPSSLSASVGDRVTITCSARSSVSYMHWFQQKPGKAPKLWIYRTSNLASGVPSRFSGSGSGTSYCLTINSLQPEDFATYYCQQRSSFPLTFGGGTKLEIK,>Pidilizumab | Heavy Chain~QVQLVQSGSELKKPGASVKISCKASGYTFTNYGMNWVRQAPGQGLQWMGWINTDSGESTYAEEFKGRFVFSLDTSVNTAYLQITSLTAEDTGMYFCVRVGYDALDYWGQGTLVTVSS,>Pidilizumab | Light Chain~EIVLTQSPSSLSASVGDRVTITCSARSSVSYMHWFQQKPGKAPKLWIYRTSNLASGVPSRFSGSGSGTSYCLTINSLQPEDFATYYCQQRSSFPLTFGGGTKLEIK,> Pidilizumab | H and L chains~QVQLVQSGSELKKPGASVKISCKASGYTFTNYGMNWVRQAPGQGLQWMGWINTDSGESTYAEEFKGRFVFSLDTSVNTAYLQITSLTAEDTGMYFCVRVGYDALDYWGQGTLVTVSS:EIVLTQSPSSLSASVGDRVTITCSARSSVSYMHWFQQKPGKAPKLWIYRTSNLASGVPSRFSGSGSGTSYCLTINSLQPEDFATYYCQQRSSFPLTFGGGTKLEIK
Pimivalimab,QVQLVQSGAEVKKPGASVKVSCKASGYTFPSYYMHWVRQAPGQGLEWMGIINPEGGSTAYAQKFQGRVTMTRDTSTSTVYMELSSLRSEDTAVYYCARGGTYYDYTYWGQGTLVTVSS,DIQMTQSPSTLSASVGDRVTITCRASQSISSWLAWYQQKPGKAPKLLIYEASSLESGVPSRFSGSGSGTEFTLTISSLQPDDFATYYCQQYNSFPPTFGGGTKVEIK,>Pimivalimab | Heavy Chain~QVQLVQSGAEVKKPGASVKVSCKASGYTFPSYYMHWVRQAPGQGLEWMGIINPEGGSTAYAQKFQGRVTMTRDTSTSTVYMELSSLRSEDTAVYYCARGGTYYDYTYWGQGTLVTVSS,>Pimivalimab | Light Chain~DIQMTQSPSTLSASVGDRVTITCRASQSISSWLAWYQQKPGKAPKLLIYEASSLESGVPSRFSGSGSGTEFTLTISSLQPDDFATYYCQQYNSFPPTFGGGTKVEIK,> Pimivalimab | H and L chains~QVQLVQSGAEVKKPGASVKVSCKASGYTFPSYYMHWVRQAPGQGLEWMGIINPEGGSTAYAQKFQGRVTMTRDTSTSTVYMELSSLRSEDTAVYYCARGGTYYDYTYWGQGTLVTVSS:DIQMTQSPSTLSASVGDRVTITCRASQSISSWLAWYQQKPGKAPKLLIYEASSLESGVPSRFSGSGSGTEFTLTISSLQPDDFATYYCQQYNSFPPTFGGGTKVEIK
Pradusinstobart,QVTLKESGPALVKPTQTLTLTCTFSGFSLSTSGTCVSWIRQPPGKALEWLATICWEDSKGYNPSLKSRLTISKDTSKNQAVLTMTNMDPVDTATYYCARREDSGYFWFPYWGQGTLVTVSS,NIQMTQSPSSLSASVGDRVTITCKAGQNVNNYLAWYQQKPGKAPKVLIFNANSLQTGVPSRFSGSGSGTDFTLTISSLQPEDFATYYCQQYNSWTTFGGGTKVEIK,>Pradusinstobart | Heavy Chain~QVTLKESGPALVKPTQTLTLTCTFSGFSLSTSGTCVSWIRQPPGKALEWLATICWEDSKGYNPSLKSRLTISKDTSKNQAVLTMTNMDPVDTATYYCARREDSGYFWFPYWGQGTLVTVSS,>Pradusinstobart | Light Chain~NIQMTQSPSSLSASVGDRVTITCKAGQNVNNYLAWYQQKPGKAPKVLIFNANSLQTGVPSRFSGSGSGTDFTLTISSLQPEDFATYYCQQYNSWTTFGGGTKVEIK,> Pradusinstobart | H and L chains~QVTLKESGPALVKPTQTLTLTCTFSGFSLSTSGTCVSWIRQPPGKALEWLATICWEDSKGYNPSLKSRLTISKDTSKNQAVLTMTNMDPVDTATYYCARREDSGYFWFPYWGQGTLVTVSS:NIQMTQSPSSLSASVGDRVTITCKAGQNVNNYLAWYQQKPGKAPKVLIFNANSLQTGVPSRFSGSGSGTDFTLTISSLQPEDFATYYCQQYNSWTTFGGGTKVEIK
Pucotenlimab,EVQLVQSGGGLVQPGGSLKLSCAASGFTFSSYGMSWVRQAPGKGLDWVATISGGGRDTYYPDSVKGRFTISRDNSKNNLYLQMNSLRAEDTALYYCARQKGEAWFAYWGQGTLVTVSS,DIVLTQSPASLAVSPGQRATITCRASESVDNYGISFMNWFQQKPGQPPKLLIYAASNKGTGVPARFSGSGSGTDFTLNINPMEENDTAMYFCQQSKEVPWTFGGGTKLEIK,>Pucotenlimab | Heavy Chain~EVQLVQSGGGLVQPGGSLKLSCAASGFTFSSYGMSWVRQAPGKGLDWVATISGGGRDTYYPDSVKGRFTISRDNSKNNLYLQMNSLRAEDTALYYCARQKGEAWFAYWGQGTLVTVSS,>Pucotenlimab | Light Chain~DIVLTQSPASLAVSPGQRATITCRASESVDNYGISFMNWFQQKPGQPPKLLIYAASNKGTGVPARFSGSGSGTDFTLNINPMEENDTAMYFCQQSKEVPWTFGGGTKLEIK,> Pucotenlimab | H and L chains~EVQLVQSGGGLVQPGGSLKLSCAASGFTFSSYGMSWVRQAPGKGLDWVATISGGGRDTYYPDSVKGRFTISRDNSKNNLYLQMNSLRAEDTALYYCARQKGEAWFAYWGQGTLVTVSS:DIVLTQSPASLAVSPGQRATITCRASESVDNYGISFMNWFQQKPGQPPKLLIYAASNKGTGVPARFSGSGSGTDFTLNINPMEENDTAMYFCQQSKEVPWTFGGGTKLEIK
Retifanlimab,QVQLVQSGAEVKKPGASVKVSCKASGYSFTSYWMNWVRQAPGQGLEWIGVIHPSDSETWLDQKFKDRVTITVDKSTSTAYMELSSLRSEDTAVYYCAREHYGTSPFAYWGQGTLVTVSS,EIVLTQSPATLSLSPGERATLSCRASESVDNYGMSFMNWFQQKPGQPPKLLIHAASNQGSGVPSRFSGSGSGTDFTLTISSLEPEDFAVYFCQQSKEVPYTFGGGTKVEIK,>Retifanlimab | Heavy Chain~QVQLVQSGAEVKKPGASVKVSCKASGYSFTSYWMNWVRQAPGQGLEWIGVIHPSDSETWLDQKFKDRVTITVDKSTSTAYMELSSLRSEDTAVYYCAREHYGTSPFAYWGQGTLVTVSS,>Retifanlimab | Light Chain~EIVLTQSPATLSLSPGERATLSCRASESVDNYGMSFMNWFQQKPGQPPKLLIHAASNQGSGVPSRFSGSGSGTDFTLTISSLEPEDFAVYFCQQSKEVPYTFGGGTKVEIK,> Retifanlimab | H and L chains~QVQLVQSGAEVKKPGASVKVSCKASGYSFTSYWMNWVRQAPGQGLEWIGVIHPSDSETWLDQKFKDRVTITVDKSTSTAYMELSSLRSEDTAVYYCAREHYGTSPFAYWGQGTLVTVSS:EIVLTQSPATLSLSPGERATLSCRASESVDNYGMSFMNWFQQKPGQPPKLLIHAASNQGSGVPSRFSGSGSGTDFTLTISSLEPEDFAVYFCQQSKEVPYTFGGGTKVEIK
Rosnilimab,QVQLVQSGSELKKPGASVKVSCKASNYTFTDYSMHWVRQAPGQGLEWMGWINIETYYPTYADQFKGRFAFSLDTSVSTAYLQISSLKAEDTAVYYCARDYYGRFYYAMDYWGQGTTVTVSS,EIVLTQSPATLSLSPGERATLSCTASSSVSSSYFHWYQQKPGQAPRLLIYSTSNLASGIPARFSGSGSGTDFTLTISRLEPEDFAVYYCHQYHRSPLTFGGGTKVEIK,>Rosnilimab | Heavy Chain~QVQLVQSGSELKKPGASVKVSCKASNYTFTDYSMHWVRQAPGQGLEWMGWINIETYYPTYADQFKGRFAFSLDTSVSTAYLQISSLKAEDTAVYYCARDYYGRFYYAMDYWGQGTTVTVSS,>Rosnilimab | Light Chain~EIVLTQSPATLSLSPGERATLSCTASSSVSSSYFHWYQQKPGQAPRLLIYSTSNLASGIPARFSGSGSGTDFTLTISRLEPEDFAVYYCHQYHRSPLTFGGGTKVEIK,> Rosnilimab | H and L chains~QVQLVQSGSELKKPGASVKVSCKASNYTFTDYSMHWVRQAPGQGLEWMGWINIETYYPTYADQFKGRFAFSLDTSVSTAYLQISSLKAEDTAVYYCARDYYGRFYYAMDYWGQGTTVTVSS:EIVLTQSPATLSLSPGERATLSCTASSSVSSSYFHWYQQKPGQAPRLLIYSTSNLASGIPARFSGSGSGTDFTLTISRLEPEDFAVYYCHQYHRSPLTFGGGTKVEIK
Sasanlimab,QVQLVQSGAEVKKPGASVKVSCKASGYTFTSYWINWVRQAPGQGLEWMGNIYPGSSLTNYNEKFKNRVTMTRDTSTSTVYMELSSLRSEDTAVYYCARLSTGTFAYWGQGTLVTVSS,DIVMTQSPDSLAVSLGERATINCKSSQSLWDSGNQKNFLTWYQQKPGQPPKLLIYWTSYRESGVPDRFSGSGSGTDFTLTISSLQAEDVAVYYCQNDYFYPHTFGGGTKVEIK,>Sasanlimab | Heavy Chain~QVQLVQSGAEVKKPGASVKVSCKASGYTFTSYWINWVRQAPGQGLEWMGNIYPGSSLTNYNEKFKNRVTMTRDTSTSTVYMELSSLRSEDTAVYYCARLSTGTFAYWGQGTLVTVSS,>Sasanlimab | Light Chain~DIVMTQSPDSLAVSLGERATINCKSSQSLWDSGNQKNFLTWYQQKPGQPPKLLIYWTSYRESGVPDRFSGSGSGTDFTLTISSLQAEDVAVYYCQNDYFYPHTFGGGTKVEIK,> Sasanlimab | H and L chains~QVQLVQSGAEVKKPGASVKVSCKASGYTFTSYWINWVRQAPGQGLEWMGNIYPGSSLTNYNEKFKNRVTMTRDTSTSTVYMELSSLRSEDTAVYYCARLSTGTFAYWGQGTLVTVSS:DIVMTQSPDSLAVSLGERATINCKSSQSLWDSGNQKNFLTWYQQKPGQPPKLLIYWTSYRESGVPDRFSGSGSGTDFTLTISSLQAEDVAVYYCQNDYFYPHTFGGGTKVEIK
Serplulimab,QVQLVESGGGLVKPGGSLRLSCAASGFTFSNYGMSWIRQAPGKGLEWVSTISGGGSNIYYADSVKGRFTISRDNAKNSLYLQMNSLRAEDTAVYYCVSYYYGIDFWGQGTSVTVSS,DIQMTQSPSSLSASVGDRVTITCKASQDVTTAVAWYQQKPGKAPKLLIYWASTRHTGVPSRFSGSGSGTDFTLTISSLQPEDFATYYCQQHYTIPWTFGGGTKLEIK,>Serplulimab | Heavy Chain~QVQLVESGGGLVKPGGSLRLSCAASGFTFSNYGMSWIRQAPGKGLEWVSTISGGGSNIYYADSVKGRFTISRDNAKNSLYLQMNSLRAEDTAVYYCVSYYYGIDFWGQGTSVTVSS,>Serplulimab | Light Chain~DIQMTQSPSSLSASVGDRVTITCKASQDVTTAVAWYQQKPGKAPKLLIYWASTRHTGVPSRFSGSGSGTDFTLTISSLQPEDFATYYCQQHYTIPWTFGGGTKLEIK,> Serplulimab | H and L chains~QVQLVESGGGLVKPGGSLRLSCAASGFTFSNYGMSWIRQAPGKGLEWVSTISGGGSNIYYADSVKGRFTISRDNAKNSLYLQMNSLRAEDTAVYYCVSYYYGIDFWGQGTSVTVSS:DIQMTQSPSSLSASVGDRVTITCKASQDVTTAVAWYQQKPGKAPKLLIYWASTRHTGVPSRFSGSGSGTDFTLTISSLQPEDFATYYCQQHYTIPWTFGGGTKLEIK
Sintilimab,QVQLVQSGAEVKKPGSSVKVSCKASGGTFSSYAISWVRQAPGQGLEWMGLIIPMFDTAGYAQKFQGRVAITVDESTSTAYMELSSLRSEDTAVYYCARAEHSSTGTFDYWGQGTLVTVSS,DIQMTQSPSSVSASVGDRVTITCRASQGISSWLAWYQQKPGKAPKLLISAASSLQSGVPSRFSGSGSGTDFTLTISSLQPEDFATYYCQQANHLPFTFGGGTKVEIK,>Sintilimab | Heavy Chain~QVQLVQSGAEVKKPGSSVKVSCKASGGTFSSYAISWVRQAPGQGLEWMGLIIPMFDTAGYAQKFQGRVAITVDESTSTAYMELSSLRSEDTAVYYCARAEHSSTGTFDYWGQGTLVTVSS,>Sintilimab | Light Chain~DIQMTQSPSSVSASVGDRVTITCRASQGISSWLAWYQQKPGKAPKLLISAASSLQSGVPSRFSGSGSGTDFTLTISSLQPEDFATYYCQQANHLPFTFGGGTKVEIK,> Sintilimab | H and L chains~QVQLVQSGAEVKKPGSSVKVSCKASGGTFSSYAISWVRQAPGQGLEWMGLIIPMFDTAGYAQKFQGRVAITVDESTSTAYMELSSLRSEDTAVYYCARAEHSSTGTFDYWGQGTLVTVSS:DIQMTQSPSSVSASVGDRVTITCRASQGISSWLAWYQQKPGKAPKLLISAASSLQSGVPSRFSGSGSGTDFTLTISSLQPEDFATYYCQQANHLPFTFGGGTKVEIK
Spartalizumab,EVQLVQSGAEVKKPGESLRISCKGSGYTFTTYWMHWVRQATGQGLEWMGNIYPGTGGSNFDEKFKNRVTITADKSTSTAYMELSSLRSEDTAVYYCTRWTTGTGAYWGQGTTVTVSS,EIVLTQSPATLSLSPGERATLSCKSSQSLLDSGNQKNFLTWYQQKPGQAPRLLIYWASTRESGVPSRFSGSGSGTDFTFTISSLEAEDAATYYCQNDYSYPYTFGQGTKVEIK,>Spartalizumab | Heavy Chain~EVQLVQSGAEVKKPGESLRISCKGSGYTFTTYWMHWVRQATGQGLEWMGNIYPGTGGSNFDEKFKNRVTITADKSTSTAYMELSSLRSEDTAVYYCTRWTTGTGAYWGQGTTVTVSS,>Spartalizumab | Light Chain~EIVLTQSPATLSLSPGERATLSCKSSQSLLDSGNQKNFLTWYQQKPGQAPRLLIYWASTRESGVPSRFSGSGSGTDFTFTISSLEAEDAATYYCQNDYSYPYTFGQGTKVEIK,> Spartalizumab | H and L chains~EVQLVQSGAEVKKPGESLRISCKGSGYTFTTYWMHWVRQATGQGLEWMGNIYPGTGGSNFDEKFKNRVTITADKSTSTAYMELSSLRSEDTAVYYCTRWTTGTGAYWGQGTTVTVSS:EIVLTQSPATLSLSPGERATLSCKSSQSLLDSGNQKNFLTWYQQKPGQAPRLLIYWASTRESGVPSRFSGSGSGTDFTFTISSLEAEDAATYYCQNDYSYPYTFGQGTKVEIK
Tislelizumab,QVQLQESGPGLVKPSETLSLTCTVSGFSLTSYGVHWIRQPPGKGLEWIGVIYADGSTNYNPSLKSRVTISKDTSKNQVSLKLSSVTAADTAVYYCARAYGNYWYIDVWGQGTTVTVSS,DIVMTQSPDSLAVSLGERATINCKSSESVSNDVAWYQQKPGQPPKLLINYAFHRFTGVPDRFSGSGYGTDFTLTISSLQAEDVAVYYCHQAYSSPYTFGQGTKLEIK,>Tislelizumab | Heavy Chain~QVQLQESGPGLVKPSETLSLTCTVSGFSLTSYGVHWIRQPPGKGLEWIGVIYADGSTNYNPSLKSRVTISKDTSKNQVSLKLSSVTAADTAVYYCARAYGNYWYIDVWGQGTTVTVSS,>Tislelizumab | Light Chain~DIVMTQSPDSLAVSLGERATINCKSSESVSNDVAWYQQKPGQPPKLLINYAFHRFTGVPDRFSGSGYGTDFTLTISSLQAEDVAVYYCHQAYSSPYTFGQGTKLEIK,> Tislelizumab | H and L chains~QVQLQESGPGLVKPSETLSLTCTVSGFSLTSYGVHWIRQPPGKGLEWIGVIYADGSTNYNPSLKSRVTISKDTSKNQVSLKLSSVTAADTAVYYCARAYGNYWYIDVWGQGTTVTVSS:DIVMTQSPDSLAVSLGERATINCKSSESVSNDVAWYQQKPGQPPKLLINYAFHRFTGVPDRFSGSGYGTDFTLTISSLQAEDVAVYYCHQAYSSPYTFGQGTKLEIK
Toripalimab,QGQLVQSGAEVKKPGASVKVSCKASGYTFTDYEMHWVRQAPIHGLEWIGVIESETGGTAYNQKFKGRVTITADKSTSTAYMELSSLRSEDTAVYYCAREGITTVATTYYWYFDVWGQGTTVTVSS,DVVMTQSPLSLPVTLGQPASISCRSSQSIVHSNGNTYLEWYLQKPGQSPQLLIYKVSNRFSGVPDRFSGSGSGTDFTLKISRVEAEDVGVYYCFQGSHVPLTFGQGTKLEIK,>Toripalimab | Heavy Chain~QGQLVQSGAEVKKPGASVKVSCKASGYTFTDYEMHWVRQAPIHGLEWIGVIESETGGTAYNQKFKGRVTITADKSTSTAYMELSSLRSEDTAVYYCAREGITTVATTYYWYFDVWGQGTTVTVSS,>Toripalimab | Light Chain~DVVMTQSPLSLPVTLGQPASISCRSSQSIVHSNGNTYLEWYLQKPGQSPQLLIYKVSNRFSGVPDRFSGSGSGTDFTLKISRVEAEDVGVYYCFQGSHVPLTFGQGTKLEIK,> Toripalimab | H and L chains~QGQLVQSGAEVKKPGASVKVSCKASGYTFTDYEMHWVRQAPIHGLEWIGVIESETGGTAYNQKFKGRVTITADKSTSTAYMELSSLRSEDTAVYYCAREGITTVATTYYWYFDVWGQGTTVTVSS:DVVMTQSPLSLPVTLGQPASISCRSSQSIVHSNGNTYLEWYLQKPGQSPQLLIYKVSNRFSGVPDRFSGSGSGTDFTLKISRVEAEDVGVYYCFQGSHVPLTFGQGTKLEIK
Zeluvalimab,EVQLLESGGGLVQPGGSLRLSCAASGFTFSSYDMSWVRQAPGKGLEWVSLISGGGSQTYYAESVKGRFTISRDNSKNTLYLQMNSLRAEDTAVYFCASPSGHYFYAMDVWGQGTTVTVSS,DIQMTQSPSSVSASVGDRVTITCRASQGISNWLAWYQQKPGKAPKLLIFAASSLQSGVPSRFSGSGSGTDFTLTISSLQPEDFATYYCQQAESFPHTFGGGTKVEIK,>Zeluvalimab | Heavy Chain~EVQLLESGGGLVQPGGSLRLSCAASGFTFSSYDMSWVRQAPGKGLEWVSLISGGGSQTYYAESVKGRFTISRDNSKNTLYLQMNSLRAEDTAVYFCASPSGHYFYAMDVWGQGTTVTVSS,>Zeluvalimab | Light Chain~DIQMTQSPSSVSASVGDRVTITCRASQGISNWLAWYQQKPGKAPKLLIFAASSLQSGVPSRFSGSGSGTDFTLTISSLQPEDFATYYCQQAESFPHTFGGGTKVEIK,> Zeluvalimab | H and L chains~EVQLLESGGGLVQPGGSLRLSCAASGFTFSSYDMSWVRQAPGKGLEWVSLISGGGSQTYYAESVKGRFTISRDNSKNTLYLQMNSLRAEDTAVYFCASPSGHYFYAMDVWGQGTTVTVSS:DIQMTQSPSSVSASVGDRVTITCRASQGISNWLAWYQQKPGKAPKLLIFAASSLQSGVPSRFSGSGSGTDFTLTISSLQPEDFATYYCQQAESFPHTFGGGTKVEIK